ds,trend,yhat_lower,yhat_upper,trend_lower,trend_upper,additive_terms,additive_terms_lower,additive_terms_upper,yearly,yearly_lower,yearly_upper,multiplicative_terms,multiplicative_terms_lower,multiplicative_terms_upper,yhat
01-01-1992,146617.2013,103119.696,124730.2621,146617.2013,146617.2013,-32652.88075,-32652.88075,-32652.88075,-32652.88075,-32652.88075,-32652.88075,0,0,0,113964.3206
01-02-1992,147585.6854,106192.7165,127435.1374,147585.6854,147585.6854,-30416.53479,-30416.53479,-30416.53479,-30416.53479,-30416.53479,-30416.53479,0,0,0,117169.1506
01-03-1992,148491.6867,140687.7448,163240.556,148491.6867,148491.6867,3992.42853,3992.42853,3992.42853,3992.42853,3992.42853,3992.42853,0,0,0,152484.1152
01-04-1992,149460.1708,134900.8783,156519.8695,149460.1708,149460.1708,-3647.882424,-3647.882424,-3647.882424,-3647.882424,-3647.882424,-3647.882424,0,0,0,145812.2884
01-05-1992,150397.4135,151063.413,172439.0944,150397.4135,150397.4135,11257.09572,11257.09572,11257.09572,11257.09572,11257.09572,11257.09572,0,0,0,161654.5092
01-06-1992,151365.8976,143481.367,164678.7422,151365.8976,151365.8976,3021.67607,3021.67607,3021.67607,3021.67607,3021.67607,3021.67607,0,0,0,154387.5736
01-07-1992,152303.1402,142651.5936,163887.5447,152303.1402,152303.1402,911.5085697,911.5085697,911.5085697,911.5085697,911.5085697,911.5085697,0,0,0,153214.6488
01-08-1992,153271.6243,150670.4748,171397.3611,153271.6243,153271.6243,7523.643942,7523.643942,7523.643942,7523.643942,7523.643942,7523.643942,0,0,0,160795.2683
01-09-1992,154240.1084,132033.5163,152995.524,154240.1084,154240.1084,-11577.10423,-11577.10423,-11577.10423,-11577.10423,-11577.10423,-11577.10423,0,0,0,142663.0042
01-10-1992,155177.3511,140481.6704,161997.5295,155177.3511,155177.3511,-3839.55265,-3839.55265,-3839.55265,-3839.55265,-3839.55265,-3839.55265,0,0,0,151337.7985
01-11-1992,156145.8352,146490.2511,168016.4537,156145.8352,156145.8352,959.6041291,959.6041291,959.6041291,959.6041291,959.6041291,959.6041291,0,0,0,157105.4394
01-12-1992,157083.0779,194602.494,214808.5793,157083.0779,157083.0779,47924.57757,47924.57757,47924.57757,47924.57757,47924.57757,47924.57757,0,0,0,205007.6555
01-01-1993,158051.562,116754.5371,138830.4202,158051.562,158051.562,-30780.41966,-30780.41966,-30780.41966,-30780.41966,-30780.41966,-30780.41966,0,0,0,127271.1423
01-02-1993,159020.046,111501.5077,132647.9539,159020.046,159020.046,-37111.49723,-37111.49723,-37111.49723,-37111.49723,-37111.49723,-37111.49723,0,0,0,121908.5488
01-03-1993,159894.8058,151821.4596,172627.5142,159894.8058,159894.8058,2328.202597,2328.202597,2328.202597,2328.202597,2328.202597,2328.202597,0,0,0,162223.0084
01-04-1993,160863.2899,145080.6813,166368.3481,160863.2899,160863.2899,-4520.868005,-4520.868005,-4520.868005,-4520.868005,-4520.868005,-4520.868005,0,0,0,156342.4219
01-05-1993,161800.5326,162705.868,183845.4746,161800.5326,161800.5326,11619.61789,11619.61789,11619.61789,11619.61789,11619.61789,11619.61789,0,0,0,173420.1505
01-06-1993,162769.0166,155641.5143,176386.9425,162769.0166,162769.0166,2849.348784,2849.348784,2849.348784,2849.348784,2849.348784,2849.348784,0,0,0,165618.3654
01-07-1993,163706.2593,153831.2836,176148.8779,163706.2593,163706.2593,1717.090429,1717.090429,1717.090429,1717.090429,1717.090429,1717.090429,0,0,0,165423.3497
01-08-1993,164674.7434,162790.6473,183595.8785,164674.7434,164674.7434,8464.23051,8464.23051,8464.23051,8464.23051,8464.23051,8464.23051,0,0,0,173138.9739
01-09-1993,165643.2274,143149.1387,164229.5217,165643.2274,165643.2274,-12479.66924,-12479.66924,-12479.66924,-12479.66924,-12479.66924,-12479.66924,0,0,0,153163.5582
01-10-1993,166580.4701,151549.4808,172592.2245,166580.4701,166580.4701,-4588.031148,-4588.031148,-4588.031148,-4588.031148,-4588.031148,-4588.031148,0,0,0,161992.4389
01-11-1993,167548.9541,157269.3758,179149.9888,167548.9541,167548.9541,735.3933405,735.3933405,735.3933405,735.3933405,735.3933405,735.3933405,0,0,0,168284.3474
01-12-1993,168486.1967,205587.9155,227904.878,168486.1967,168486.1967,48678.36745,48678.36745,48678.36745,48678.36745,48678.36745,48678.36745,0,0,0,217164.5641
01-01-1994,169454.6807,127138.6278,148145.8965,169454.6807,169454.6807,-31436.65356,-31436.65356,-31436.65356,-31436.65356,-31436.65356,-31436.65356,0,0,0,138018.0271
01-02-1994,170423.1647,124415.1322,147343.7258,170423.1647,170423.1647,-34877.64613,-34877.64613,-34877.64613,-34877.64613,-34877.64613,-34877.64613,0,0,0,135545.5186
01-03-1994,171297.9245,161649.2714,182560.8771,171297.9245,171297.9245,619.2613339,619.2613339,619.2613339,619.2613339,619.2613339,619.2613339,0,0,0,171917.1858
01-04-1994,172266.4085,155216.1086,177860.5546,172266.4085,172266.4085,-5371.685249,-5371.685249,-5371.685249,-5371.685249,-5371.685249,-5371.685249,0,0,0,166894.7232
01-05-1994,173203.6511,174111.1633,196800.5297,173203.6511,173203.6511,11997.35571,11997.35571,11997.35571,11997.35571,11997.35571,11997.35571,0,0,0,185201.0068
01-06-1994,174172.1351,166342.1941,187008.6093,174172.1351,174172.1351,2693.455328,2693.455328,2693.455328,2693.455328,2693.455328,2693.455328,0,0,0,176865.5904
01-07-1994,175109.3777,167190.2472,188273.9822,175109.3777,175109.3777,2531.615663,2531.615663,2531.615663,2531.615663,2531.615663,2531.615663,0,0,0,177640.9934
01-08-1994,176077.8617,174931.8689,195907.8631,176077.8617,176077.8617,9370.163959,9370.163959,9370.163959,9370.163959,9370.163959,9370.163959,0,0,0,185448.0257
01-09-1994,177046.3457,152354.7964,174295.2168,177046.3457,177046.3457,-13405.615,-13405.615,-13405.615,-13405.615,-13405.615,-13405.615,0,0,0,163640.7307
01-10-1994,177983.5884,161323.3845,183516.6133,177983.5884,177983.5884,-5325.441963,-5325.441963,-5325.441963,-5325.441963,-5325.441963,-5325.441963,0,0,0,172658.1464
01-11-1994,178952.0724,168694.7748,190448.6439,178952.0724,178952.0724,541.0386953,541.0386953,541.0386953,541.0386953,541.0386953,541.0386953,0,0,0,179493.1111
01-12-1994,179889.3151,218800.9034,239711.8227,179889.3151,179889.3151,49413.16961,49413.16961,49413.16961,49413.16961,49413.16961,49413.16961,0,0,0,229302.4847
01-01-1995,180857.7991,137681.8307,159997.1304,180857.7991,180857.7991,-32060.92084,-32060.92084,-32060.92084,-32060.92084,-32060.92084,-32060.92084,0,0,0,148796.8783
01-02-1995,181826.2832,138522.4713,160164.1008,181826.2832,181826.2832,-32645.18796,-32645.18796,-32645.18796,-32645.18796,-32645.18796,-32645.18796,0,0,0,149181.0952
01-03-1995,182701.043,170665.4446,192433.5193,182701.043,182701.043,-1132.763188,-1132.763188,-1132.763188,-1132.763188,-1132.763188,-1132.763188,0,0,0,181568.2798
01-04-1995,183669.527,166663.5792,188122.8021,183669.527,183669.527,-6198.983224,-6198.983224,-6198.983224,-6198.983224,-6198.983224,-6198.983224,0,0,0,177470.5438
01-05-1995,184606.7697,186272.5775,208014.1747,184606.7697,184606.7697,12390.11104,12390.11104,12390.11104,12390.11104,12390.11104,12390.11104,0,0,0,196996.8807
01-06-1995,185575.2537,178052.7468,199072.7827,185575.2537,185575.2537,2553.875771,2553.875771,2553.875771,2553.875771,2553.875771,2553.875771,0,0,0,188129.1295
01-07-1995,186512.4964,179290.0638,200270.4509,186512.4964,186512.4964,3353.818349,3353.818349,3353.818349,3353.818349,3353.818349,3353.818349,0,0,0,189866.3147
01-08-1995,187480.9804,186488.9763,208564.2229,187480.9804,187480.9804,10240.50698,10240.50698,10240.50698,10240.50698,10240.50698,10240.50698,0,0,0,197721.4874
01-09-1995,188449.4645,163296.4082,185297.1074,188449.4645,188449.4645,-14353.81543,-14353.81543,-14353.81543,-14353.81543,-14353.81543,-14353.81543,0,0,0,174095.6491
01-10-1995,189386.7071,172163.4201,194640.4951,189386.7071,189386.7071,-6050.677931,-6050.677931,-6050.677931,-6050.677931,-6050.677931,-6050.677931,0,0,0,183336.0292
01-11-1995,190355.1912,180201.0281,201501.9163,190355.1912,190355.1912,376.5228749,376.5228749,376.5228749,376.5228749,376.5228749,376.5228749,0,0,0,190731.714
01-12-1995,191292.4338,230583.8472,252136.6833,191292.4338,191292.4338,50128.46508,50128.46508,50128.46508,50128.46508,50128.46508,50128.46508,0,0,0,241420.8989
01-01-1996,192260.9179,148861.9821,170537.6122,192260.9179,192260.9179,-32652.88075,-32652.88075,-32652.88075,-32652.88075,-32652.88075,-32652.88075,0,0,0,159608.0371
01-02-1996,193229.4019,152529.2727,173708.157,193229.4019,193229.4019,-30416.53479,-30416.53479,-30416.53479,-30416.53479,-30416.53479,-30416.53479,0,0,0,162812.8671
01-03-1996,194135.4031,186902.3609,207780.3745,194135.4031,194135.4031,3992.42853,3992.42853,3992.42853,3992.42853,3992.42853,3992.42853,0,0,0,198127.8317
01-04-1996,195103.8872,180707.4311,201562.9847,195103.8872,195103.8872,-3647.882424,-3647.882424,-3647.882424,-3647.882424,-3647.882424,-3647.882424,0,0,0,191456.0048
01-05-1996,196041.1298,196677.4439,217701.5482,196041.1298,196041.1298,11257.09572,11257.09572,11257.09572,11257.09572,11257.09572,11257.09572,0,0,0,207298.2255
01-06-1996,197009.6139,189309.907,211009.1319,197009.6139,197009.6139,3021.67607,3021.67607,3021.67607,3021.67607,3021.67607,3021.67607,0,0,0,200031.2899
01-07-1996,197946.8599,188140.0532,209410.9452,197946.8599,197946.8599,911.5085697,911.5085697,911.5085697,911.5085697,911.5085697,911.5085697,0,0,0,198858.3685
01-08-1996,198915.3474,196383.7464,217015.1058,198915.3474,198915.3474,7523.643942,7523.643942,7523.643942,7523.643942,7523.643942,7523.643942,0,0,0,206438.9914
01-09-1996,199883.835,178085.6596,198948.1991,199883.835,199883.835,-11577.10423,-11577.10423,-11577.10423,-11577.10423,-11577.10423,-11577.10423,0,0,0,188306.7307
01-10-1996,200821.081,186605.8407,207411.0425,200821.081,200821.081,-3839.55265,-3839.55265,-3839.55265,-3839.55265,-3839.55265,-3839.55265,0,0,0,196981.5283
01-11-1996,201789.5685,192199.6537,213944.1424,201789.5685,201789.5685,959.6041291,959.6041291,959.6041291,959.6041291,959.6041291,959.6041291,0,0,0,202749.1726
01-12-1996,202726.8145,239972.1386,260674.3454,202726.8145,202726.8145,47924.57757,47924.57757,47924.57757,47924.57757,47924.57757,47924.57757,0,0,0,250651.3921
01-01-1997,203695.3021,161826.0314,184136.311,203695.3021,203695.3021,-30780.41966,-30780.41966,-30780.41966,-30780.41966,-30780.41966,-30780.41966,0,0,0,172914.8824
01-02-1997,204663.7896,157485.9714,177546.3225,204663.7896,204663.7896,-37111.49723,-37111.49723,-37111.49723,-37111.49723,-37111.49723,-37111.49723,0,0,0,167552.2924
01-03-1997,205538.5525,196437.4665,218555.0935,205538.5525,205538.5525,2328.202597,2328.202597,2328.202597,2328.202597,2328.202597,2328.202597,0,0,0,207866.7551
01-04-1997,206507.0401,191913.1909,213424.2348,206507.0401,206507.0401,-4520.868005,-4520.868005,-4520.868005,-4520.868005,-4520.868005,-4520.868005,0,0,0,201986.1721
01-05-1997,207444.2861,209002.1141,229972.5697,207444.2861,207444.2861,11619.61789,11619.61789,11619.61789,11619.61789,11619.61789,11619.61789,0,0,0,219063.904
01-06-1997,208412.7755,200696.249,222550.5806,208412.7755,208412.7755,2849.348784,2849.348784,2849.348784,2849.348784,2849.348784,2849.348784,0,0,0,211262.1243
01-07-1997,209350.0234,200807.5689,221497.2227,209350.0234,209350.0234,1717.090429,1717.090429,1717.090429,1717.090429,1717.090429,1717.090429,0,0,0,211067.1138
01-08-1997,210318.5128,209109.2795,229532.5018,210318.5128,210318.5128,8464.23051,8464.23051,8464.23051,8464.23051,8464.23051,8464.23051,0,0,0,218782.7433
01-09-1997,211287.0022,188266.2487,210078.6809,211287.0022,211287.0022,-12479.66924,-12479.66924,-12479.66924,-12479.66924,-12479.66924,-12479.66924,0,0,0,198807.333
01-10-1997,212224.2501,196562.5671,219069.1265,212224.2501,212224.2501,-4588.031148,-4588.031148,-4588.031148,-4588.031148,-4588.031148,-4588.031148,0,0,0,207636.2189
01-11-1997,213192.7395,203411.1915,225032.9828,213192.7395,213192.7395,735.3933405,735.3933405,735.3933405,735.3933405,735.3933405,735.3933405,0,0,0,213928.1328
01-12-1997,214129.9873,252777.7463,273828.552,214129.9873,214129.9873,48678.36745,48678.36745,48678.36745,48678.36745,48678.36745,48678.36745,0,0,0,262808.3548
01-01-1998,215098.4768,171680.6485,194064.1339,215098.4768,215098.4768,-31436.65356,-31436.65356,-31436.65356,-31436.65356,-31436.65356,-31436.65356,0,0,0,183661.8232
01-02-1998,216066.9662,170983.9796,192632.5391,216066.9662,216066.9662,-34877.64613,-34877.64613,-34877.64613,-34877.64613,-34877.64613,-34877.64613,0,0,0,181189.3201
01-03-1998,216941.7309,206430.7308,228668.6404,216941.7309,216941.7309,619.2613339,619.2613339,619.2613339,619.2613339,619.2613339,619.2613339,0,0,0,217560.9922
01-04-1998,217910.2203,202913.9817,223887.1816,217910.2203,217910.2203,-5371.685249,-5371.685249,-5371.685249,-5371.685249,-5371.685249,-5371.685249,0,0,0,212538.5351
01-05-1998,218847.4682,220018.6294,240912.5221,218847.4682,218847.4682,11997.35571,11997.35571,11997.35571,11997.35571,11997.35571,11997.35571,0,0,0,230844.8239
01-06-1998,219815.9576,211540.4059,233843.6582,219815.9576,219815.9576,2693.455328,2693.455328,2693.455328,2693.455328,2693.455328,2693.455328,0,0,0,222509.4129
01-07-1998,220753.2055,212037.1299,234027.1966,220753.2055,220753.2055,2531.615663,2531.615663,2531.615663,2531.615663,2531.615663,2531.615663,0,0,0,223284.8211
01-08-1998,221721.6949,220656.7309,241712.8724,221721.6949,221721.6949,9370.163959,9370.163959,9370.163959,9370.163959,9370.163959,9370.163959,0,0,0,231091.8589
01-09-1998,222690.1844,198632.9622,220879.5109,222690.1844,222690.1844,-13405.615,-13405.615,-13405.615,-13405.615,-13405.615,-13405.615,0,0,0,209284.5694
01-10-1998,223627.4322,207400.6561,228779.1681,223627.4322,223627.4322,-5325.441963,-5325.441963,-5325.441963,-5325.441963,-5325.441963,-5325.441963,0,0,0,218301.9903
01-11-1998,224595.9217,214985.7369,236669.1888,224595.9217,224595.9217,541.0386953,541.0386953,541.0386953,541.0386953,541.0386953,541.0386953,0,0,0,225136.9604
01-12-1998,225533.1696,264277.6392,285967.5411,225533.1696,225533.1696,49413.16961,49413.16961,49413.16961,49413.16961,49413.16961,49413.16961,0,0,0,274946.3392
01-01-1999,226501.659,183744.8528,205446.3755,226501.659,226501.659,-32060.92084,-32060.92084,-32060.92084,-32060.92084,-32060.92084,-32060.92084,0,0,0,194440.7382
01-02-1999,227470.1485,183778.4983,205363.1819,227470.1485,227470.1485,-32645.18796,-32645.18796,-32645.18796,-32645.18796,-32645.18796,-32645.18796,0,0,0,194824.9605
01-03-1999,228344.9132,216003.4117,238107.5175,228344.9132,228344.9132,-1132.763188,-1132.763188,-1132.763188,-1132.763188,-1132.763188,-1132.763188,0,0,0,227212.15
01-04-1999,229313.4027,212490.0544,233752.5098,229313.4027,229313.4027,-6198.983224,-6198.983224,-6198.983224,-6198.983224,-6198.983224,-6198.983224,0,0,0,223114.4195
01-05-1999,230250.6506,232133.6418,254020.6871,230250.6506,230250.6506,12390.11104,12390.11104,12390.11104,12390.11104,12390.11104,12390.11104,0,0,0,242640.7616
01-06-1999,231219.1401,223272.0819,244254.1814,231219.1401,231219.1401,2553.875771,2553.875771,2553.875771,2553.875771,2553.875771,2553.875771,0,0,0,233773.0159
01-07-1999,232156.388,224375.9557,245491.469,232156.388,232156.388,3353.818349,3353.818349,3353.818349,3353.818349,3353.818349,3353.818349,0,0,0,235510.2064
01-08-1999,233124.8775,232971.6821,254182.73,233124.8775,233124.8775,10240.50698,10240.50698,10240.50698,10240.50698,10240.50698,10240.50698,0,0,0,243365.3845
01-09-1999,234093.367,208836.2428,230526.8052,234093.367,234093.367,-14353.81543,-14353.81543,-14353.81543,-14353.81543,-14353.81543,-14353.81543,0,0,0,219739.5516
01-10-1999,235030.6149,217735.9472,239896.0797,235030.6149,235030.6149,-6050.677931,-6050.677931,-6050.677931,-6050.677931,-6050.677931,-6050.677931,0,0,0,228979.937
01-11-1999,235999.1044,225906.1315,247139.4253,235999.1044,235999.1044,376.5228749,376.5228749,376.5228749,376.5228749,376.5228749,376.5228749,0,0,0,236375.6273
01-12-1999,236936.3524,274993.3044,296930.0708,236936.3524,236936.3524,50128.46508,50128.46508,50128.46508,50128.46508,50128.46508,50128.46508,0,0,0,287064.8174
01-01-2000,237904.8418,194512.2703,215438.7383,237904.8418,237904.8418,-32652.88075,-32652.88075,-32652.88075,-32652.88075,-32652.88075,-32652.88075,0,0,0,205251.9611
01-02-2000,238873.3313,197357.0039,218487.159,238873.3313,238873.3313,-30416.53479,-30416.53479,-30416.53479,-30416.53479,-30416.53479,-30416.53479,0,0,0,208456.7965
01-03-2000,239779.3376,232694.9707,254039.2357,239779.3376,239779.3376,3992.42853,3992.42853,3992.42853,3992.42853,3992.42853,3992.42853,0,0,0,243771.7661
01-04-2000,240747.827,225781.5832,247994.2458,240747.827,240747.827,-3647.882424,-3647.882424,-3647.882424,-3647.882424,-3647.882424,-3647.882424,0,0,0,237099.9446
01-05-2000,241685.0749,242073.6693,264073.3917,241685.0749,241685.0749,11257.09572,11257.09572,11257.09572,11257.09572,11257.09572,11257.09572,0,0,0,252942.1706
01-06-2000,242653.5644,235036.6252,256441.5566,242653.5644,242653.5644,3021.67607,3021.67607,3021.67607,3021.67607,3021.67607,3021.67607,0,0,0,245675.2405
01-07-2000,243590.8123,234081.5824,254824.0225,243590.8123,243590.8123,911.5085697,911.5085697,911.5085697,911.5085697,911.5085697,911.5085697,0,0,0,244502.3208
01-08-2000,244559.3017,240461.9427,262506.7583,244559.3017,244559.3017,7523.643942,7523.643942,7523.643942,7523.643942,7523.643942,7523.643942,0,0,0,252082.9457
01-09-2000,245527.7912,223214.9624,245498.3774,245527.7912,245527.7912,-11577.10423,-11577.10423,-11577.10423,-11577.10423,-11577.10423,-11577.10423,0,0,0,233950.687
01-10-2000,246465.0391,232000.061,253229.5261,246465.0391,246465.0391,-3839.55265,-3839.55265,-3839.55265,-3839.55265,-3839.55265,-3839.55265,0,0,0,242625.4864
01-11-2000,247433.5286,236790.4845,259587.9763,247433.5286,247433.5286,959.6041291,959.6041291,959.6041291,959.6041291,959.6041291,959.6041291,0,0,0,248393.1327
01-12-2000,248370.7764,285743.0975,306913.504,248370.7764,248370.7764,47924.57757,47924.57757,47924.57757,47924.57757,47924.57757,47924.57757,0,0,0,296295.354
01-01-2001,249339.2658,208086.2619,229641.7282,249339.2658,249339.2658,-30780.41966,-30780.41966,-30780.41966,-30780.41966,-30780.41966,-30780.41966,0,0,0,218558.8462
01-02-2001,250307.7553,202634.3874,224619.0457,250307.7553,250307.7553,-37111.49723,-37111.49723,-37111.49723,-37111.49723,-37111.49723,-37111.49723,0,0,0,213196.2581
01-03-2001,251182.52,241976.4948,264665.1945,251182.52,251182.52,2328.202597,2328.202597,2328.202597,2328.202597,2328.202597,2328.202597,0,0,0,253510.7226
01-04-2001,252151.0094,236298.6674,258537.9226,252151.0094,252151.0094,-4520.868005,-4520.868005,-4520.868005,-4520.868005,-4520.868005,-4520.868005,0,0,0,247630.1414
01-05-2001,253088.2573,253947.5187,275614.9119,253088.2573,253088.2573,11619.61789,11619.61789,11619.61789,11619.61789,11619.61789,11619.61789,0,0,0,264707.8751
01-06-2001,254056.7467,246395.8081,267178.2021,254056.7467,254056.7467,2849.348784,2849.348784,2849.348784,2849.348784,2849.348784,2849.348784,0,0,0,256906.0955
01-07-2001,254993.9946,245669.5682,267258.5355,254993.9946,254993.9946,1717.090429,1717.090429,1717.090429,1717.090429,1717.090429,1717.090429,0,0,0,256711.085
01-08-2001,255962.484,253126.8621,275632.1355,255962.484,255962.484,8464.23051,8464.23051,8464.23051,8464.23051,8464.23051,8464.23051,0,0,0,264426.7145
01-09-2001,256930.9734,233160.1526,254903.7483,256930.9734,256930.9734,-12479.66924,-12479.66924,-12479.66924,-12479.66924,-12479.66924,-12479.66924,0,0,0,244451.3042
01-10-2001,257868.2213,242172.8162,263876.2782,257868.2213,257868.2213,-4588.031148,-4588.031148,-4588.031148,-4588.031148,-4588.031148,-4588.031148,0,0,0,253280.1901
01-11-2001,258836.7108,248599.1779,270512.3115,258836.7108,258836.7108,735.3933405,735.3933405,735.3933405,735.3933405,735.3933405,735.3933405,0,0,0,259572.1041
01-12-2001,259773.9586,297538.4287,319923.446,259773.9586,259773.9586,48678.36745,48678.36745,48678.36745,48678.36745,48678.36745,48678.36745,0,0,0,308452.3261
01-01-2002,260742.4481,218622.86,240139.5165,260742.4481,260742.4481,-31436.65356,-31436.65356,-31436.65356,-31436.65356,-31436.65356,-31436.65356,0,0,0,229305.7945
01-02-2002,261710.9376,215676.4073,236817.4935,261710.9376,261710.9376,-34877.64613,-34877.64613,-34877.64613,-34877.64613,-34877.64613,-34877.64613,0,0,0,226833.2915
01-03-2002,262585.7023,251938.5897,274274.2413,262585.7023,262585.7023,619.2613339,619.2613339,619.2613339,619.2613339,619.2613339,619.2613339,0,0,0,263204.9636
01-04-2002,263554.1917,246739.486,268013.6701,263554.1917,263554.1917,-5371.685249,-5371.685249,-5371.685249,-5371.685249,-5371.685249,-5371.685249,0,0,0,258182.5065
01-05-2002,264491.4396,266488.0503,287075.4078,264491.4396,264491.4396,11997.35571,11997.35571,11997.35571,11997.35571,11997.35571,11997.35571,0,0,0,276488.7953
01-06-2002,265459.9291,257569.906,279884.3839,265459.9291,265459.9291,2693.455328,2693.455328,2693.455328,2693.455328,2693.455328,2693.455328,0,0,0,268153.3844
01-07-2002,266397.177,258184.1051,280284.2579,266397.177,266397.177,2531.615663,2531.615663,2531.615663,2531.615663,2531.615663,2531.615663,0,0,0,268928.7926
01-08-2002,267365.6664,265819.5791,287174.599,267365.6664,267365.6664,9370.163959,9370.163959,9370.163959,9370.163959,9370.163959,9370.163959,0,0,0,276735.8304
01-09-2002,268334.1819,244130.5684,264992.7754,268334.1819,268334.1819,-13405.615,-13405.615,-13405.615,-13405.615,-13405.615,-13405.615,0,0,0,254928.5669
01-10-2002,269271.455,252857.6758,274418.858,269271.455,269271.455,-5325.441963,-5325.441963,-5325.441963,-5325.441963,-5325.441963,-5325.441963,0,0,0,263946.013
01-11-2002,270239.9705,260459.7322,281880.4139,270239.9705,270239.9705,541.0386953,541.0386953,541.0386953,541.0386953,541.0386953,541.0386953,0,0,0,270781.0092
01-12-2002,271177.2436,309816.167,331592.1145,271177.2436,271177.2436,49413.16961,49413.16961,49413.16961,49413.16961,49413.16961,49413.16961,0,0,0,320590.4132
01-01-2003,272145.7591,229147.5253,249774.1238,272145.7591,272145.7591,-32060.92084,-32060.92084,-32060.92084,-32060.92084,-32060.92084,-32060.92084,0,0,0,240084.8383
01-02-2003,273114.2746,228431.8747,250612.1604,273114.2746,273114.2746,-32645.18796,-32645.18796,-32645.18796,-32645.18796,-32645.18796,-32645.18796,0,0,0,240469.0867
01-03-2003,273989.0628,262150.9788,282915.0592,273989.0628,273989.0628,-1132.763188,-1132.763188,-1132.763188,-1132.763188,-1132.763188,-1132.763188,0,0,0,272856.2996
01-04-2003,274957.5783,258414.0804,280298.2236,274957.5783,274957.5783,-6198.983224,-6198.983224,-6198.983224,-6198.983224,-6198.983224,-6198.983224,0,0,0,268758.5951
01-05-2003,275894.8514,278440.4363,298624.9686,275894.8514,275894.8514,12390.11104,12390.11104,12390.11104,12390.11104,12390.11104,12390.11104,0,0,0,288284.9624
01-06-2003,276863.3669,268044.2098,290012.8126,276863.3669,276863.3669,2553.875771,2553.875771,2553.875771,2553.875771,2553.875771,2553.875771,0,0,0,279417.2427
01-07-2003,277800.64,271131.7145,292274.4529,277800.64,277800.64,3353.818349,3353.818349,3353.818349,3353.818349,3353.818349,3353.818349,0,0,0,281154.4584
01-08-2003,279063.2577,277635.4622,300141.0609,279063.2577,279063.2577,10240.50698,10240.50698,10240.50698,10240.50698,10240.50698,10240.50698,0,0,0,289303.7647
01-09-2003,280325.8754,254832.9618,276696.2754,280325.8754,280325.8754,-14353.81543,-14353.81543,-14353.81543,-14353.81543,-14353.81543,-14353.81543,0,0,0,265972.06
01-10-2003,281547.7635,264962.1481,285812.0752,281547.7635,281547.7635,-6050.677931,-6050.677931,-6050.677931,-6050.677931,-6050.677931,-6050.677931,0,0,0,275497.0856
01-11-2003,282810.3812,272366.1168,294043.4573,282810.3812,282810.3812,376.5228749,376.5228749,376.5228749,376.5228749,376.5228749,376.5228749,0,0,0,283186.9041
01-12-2003,284032.2693,323831.248,345398.0493,284032.2693,284032.2693,50128.46508,50128.46508,50128.46508,50128.46508,50128.46508,50128.46508,0,0,0,334160.7344
01-01-2004,285294.887,242651.7147,263747.5977,285294.887,285294.887,-32652.88075,-32652.88075,-32652.88075,-32652.88075,-32652.88075,-32652.88075,0,0,0,252642.0062
01-02-2004,286557.5047,244953.8596,266257.9905,286557.5047,286557.5047,-30416.53479,-30416.53479,-30416.53479,-30416.53479,-30416.53479,-30416.53479,0,0,0,256140.9699
01-03-2004,287738.6632,281486.4881,301334.2422,287738.6632,287738.6632,3992.42853,3992.42853,3992.42853,3992.42853,3992.42853,3992.42853,0,0,0,291731.0917
01-04-2004,289001.2809,274009.188,295052.3583,289001.2809,289001.2809,-3647.882424,-3647.882424,-3647.882424,-3647.882424,-3647.882424,-3647.882424,0,0,0,285353.3984
01-05-2004,290223.169,290191.1659,312039.6377,290223.169,290223.169,11257.09572,11257.09572,11257.09572,11257.09572,11257.09572,11257.09572,0,0,0,301480.2647
01-06-2004,291485.8105,284027.5615,304969.2343,291485.8105,291485.8105,3021.67607,3021.67607,3021.67607,3021.67607,3021.67607,3021.67607,0,0,0,294507.4866
01-07-2004,292707.7216,282684.8454,303189.224,292707.7216,292707.7216,911.5085697,911.5085697,911.5085697,911.5085697,911.5085697,911.5085697,0,0,0,293619.2302
01-08-2004,293970.3632,290976.9635,312718.5855,293970.3632,293970.3632,7523.643942,7523.643942,7523.643942,7523.643942,7523.643942,7523.643942,0,0,0,301494.0071
01-09-2004,295233.0047,272759.1453,294243.4945,295233.0047,295233.0047,-11577.10423,-11577.10423,-11577.10423,-11577.10423,-11577.10423,-11577.10423,0,0,0,283655.9004
01-10-2004,296454.9158,281959.3221,303138.3821,296454.9158,296454.9158,-3839.55265,-3839.55265,-3839.55265,-3839.55265,-3839.55265,-3839.55265,0,0,0,292615.3632
01-11-2004,297717.5573,288053.4478,309065.1181,297717.5573,297717.5573,959.6041291,959.6041291,959.6041291,959.6041291,959.6041291,959.6041291,0,0,0,298677.1615
01-12-2004,298939.4685,336181.1915,357700.7049,298939.4685,298939.4685,47924.57757,47924.57757,47924.57757,47924.57757,47924.57757,47924.57757,0,0,0,346864.0461
01-01-2005,300202.11,258245.9975,279850.3656,300202.11,300202.11,-30780.41966,-30780.41966,-30780.41966,-30780.41966,-30780.41966,-30780.41966,0,0,0,269421.6903
01-02-2005,301464.7515,253462.9627,275366.6673,301464.7515,301464.7515,-37111.49723,-37111.49723,-37111.49723,-37111.49723,-37111.49723,-37111.49723,0,0,0,264353.2543
01-03-2005,302605.2019,294122.9061,315636.8871,302605.2019,302605.2019,2328.202597,2328.202597,2328.202597,2328.202597,2328.202597,2328.202597,0,0,0,304933.4045
01-04-2005,303867.8434,288529.719,310349.5507,303867.8434,303867.8434,-4520.868005,-4520.868005,-4520.868005,-4520.868005,-4520.868005,-4520.868005,0,0,0,299346.9754
01-05-2005,305089.7546,305854.0792,327296.1629,305089.7546,305089.7546,11619.61789,11619.61789,11619.61789,11619.61789,11619.61789,11619.61789,0,0,0,316709.3725
01-06-2005,306352.3961,298768.0577,320316.6332,306352.3961,306352.3961,2849.348784,2849.348784,2849.348784,2849.348784,2849.348784,2849.348784,0,0,0,309201.7449
01-07-2005,307574.3073,298179.6479,320727.8646,307574.3073,307574.3073,1717.090429,1717.090429,1717.090429,1717.090429,1717.090429,1717.090429,0,0,0,309291.3977
01-08-2005,308836.9488,306958.9276,328387.739,308836.9488,308836.9488,8464.23051,8464.23051,8464.23051,8464.23051,8464.23051,8464.23051,0,0,0,317301.1794
01-09-2005,310099.5904,287039.5521,309019.3018,310099.5904,310099.5904,-12479.66924,-12479.66924,-12479.66924,-12479.66924,-12479.66924,-12479.66924,0,0,0,297619.9211
01-10-2005,311321.5015,295717.6929,317486.2154,311321.5015,311321.5015,-4588.031148,-4588.031148,-4588.031148,-4588.031148,-4588.031148,-4588.031148,0,0,0,306733.4704
01-11-2005,312584.1431,301849.6814,324375.021,312584.1431,312584.1431,735.3933405,735.3933405,735.3933405,735.3933405,735.3933405,735.3933405,0,0,0,313319.5364
01-12-2005,313806.0542,351490.5626,372463.4272,313806.0542,313806.0542,48678.36745,48678.36745,48678.36745,48678.36745,48678.36745,48678.36745,0,0,0,362484.4217
01-01-2006,315068.6958,273534.2331,293745.766,315068.6958,315068.6958,-31436.65356,-31436.65356,-31436.65356,-31436.65356,-31436.65356,-31436.65356,0,0,0,283632.0422
01-02-2006,316331.3373,270892.1239,292191.8701,316331.3373,316331.3373,-34877.64613,-34877.64613,-34877.64613,-34877.64613,-34877.64613,-34877.64613,0,0,0,281453.6912
01-03-2006,317471.7877,307159.9679,328717.3249,317471.7877,317471.7877,619.2613338,619.2613338,619.2613338,619.2613338,619.2613338,619.2613338,0,0,0,318091.0491
01-04-2006,318598.0938,301671.1476,323934.4754,318598.0938,318598.0938,-5371.685249,-5371.685249,-5371.685249,-5371.685249,-5371.685249,-5371.685249,0,0,0,313226.4086
01-05-2006,319688.0675,321342.2685,342585.2769,319688.0675,319688.0675,11997.35571,11997.35571,11997.35571,11997.35571,11997.35571,11997.35571,0,0,0,331685.4232
01-06-2006,320814.3736,312081.8984,333692.6856,320814.3736,320814.3736,2693.455328,2693.455328,2693.455328,2693.455328,2693.455328,2693.455328,0,0,0,323507.829
01-07-2006,321904.3473,313298.0537,335172.1259,321904.3473,321904.3473,2531.615663,2531.615663,2531.615663,2531.615663,2531.615663,2531.615663,0,0,0,324435.963
01-08-2006,323030.6534,321456.4397,344214.8002,323030.6534,323030.6534,9370.163959,9370.163959,9370.163959,9370.163959,9370.163959,9370.163959,0,0,0,332400.8174
01-09-2006,324156.9595,299846.2071,321387.1536,324156.9595,324156.9595,-13405.615,-13405.615,-13405.615,-13405.615,-13405.615,-13405.615,0,0,0,310751.3445
01-10-2006,325246.9332,308823.2963,330399.0699,325246.9332,325246.9332,-5325.441963,-5325.441963,-5325.441963,-5325.441963,-5325.441963,-5325.441963,0,0,0,319921.4912
01-11-2006,326373.2393,316266.3302,338553.9268,326373.2393,326373.2393,541.0386953,541.0386953,541.0386953,541.0386953,541.0386953,541.0386953,0,0,0,326914.278
01-12-2006,327463.213,367026.3226,387129.7163,327463.213,327463.213,49413.16961,49413.16961,49413.16961,49413.16961,49413.16961,49413.16961,0,0,0,376876.3826
01-01-2007,328589.5191,286424.4893,307527.381,328589.5191,328589.5191,-32060.92084,-32060.92084,-32060.92084,-32060.92084,-32060.92084,-32060.92084,0,0,0,296528.5983
01-02-2007,328400.0527,285585.9338,306798.1223,328400.0527,328400.0527,-32645.18796,-32645.18796,-32645.18796,-32645.18796,-32645.18796,-32645.18796,0,0,0,295754.8647
01-03-2007,328228.9217,316154.0276,338480.3229,328228.9217,328228.9217,-1132.763188,-1132.763188,-1132.763188,-1132.763188,-1132.763188,-1132.763188,0,0,0,327096.1585
01-04-2007,328039.4552,311400.2476,332137.6954,328039.4552,328039.4552,-6198.983224,-6198.983224,-6198.983224,-6198.983224,-6198.983224,-6198.983224,0,0,0,321840.472
01-05-2007,327856.1006,329529.4536,351275.1665,327856.1006,327856.1006,12390.11104,12390.11104,12390.11104,12390.11104,12390.11104,12390.11104,0,0,0,340246.2116
01-06-2007,327666.6342,319095.1029,340673.2223,327666.6342,327666.6342,2553.875771,2553.875771,2553.875771,2553.875771,2553.875771,2553.875771,0,0,0,330220.5099
01-07-2007,327483.2795,320485.5812,341626.7778,327483.2795,327483.2795,3353.818349,3353.818349,3353.818349,3353.818349,3353.818349,3353.818349,0,0,0,330837.0979
01-08-2007,327293.8131,326206.835,348341.2519,327293.8131,327293.8131,10240.50698,10240.50698,10240.50698,10240.50698,10240.50698,10240.50698,0,0,0,337534.3201
01-09-2007,327104.3466,302218.6958,323750.5147,327104.3466,327104.3466,-14353.81543,-14353.81543,-14353.81543,-14353.81543,-14353.81543,-14353.81543,0,0,0,312750.5312
01-10-2007,326920.992,309938.1322,331502.3763,326920.992,326920.992,-6050.677931,-6050.677931,-6050.677931,-6050.677931,-6050.677931,-6050.677931,0,0,0,320870.3141
01-11-2007,326731.5256,316249.7819,338277.6828,326731.5256,326731.5256,376.5228749,376.5228749,376.5228749,376.5228749,376.5228749,376.5228749,0,0,0,327108.0485
01-12-2007,326548.171,366445.724,387352.0748,326548.171,326548.171,50128.46508,50128.46508,50128.46508,50128.46508,50128.46508,50128.46508,0,0,0,376676.636
01-01-2008,325898.3845,283237.8727,303868.022,325898.3845,325898.3845,-32652.88075,-32652.88075,-32652.88075,-32652.88075,-32652.88075,-32652.88075,0,0,0,293245.5037
01-02-2008,325248.598,284503.5659,305461.6365,325248.598,325248.598,-30416.53479,-30416.53479,-30416.53479,-30416.53479,-30416.53479,-30416.53479,0,0,0,294832.0632
01-03-2008,324640.7332,318047.6909,340135.6253,324640.7332,324640.7332,3992.42853,3992.42853,3992.42853,3992.42853,3992.42853,3992.42853,0,0,0,328633.1617
01-04-2008,323990.9467,309423.3926,330837.648,323990.9467,323990.9467,-3647.882424,-3647.882424,-3647.882424,-3647.882424,-3647.882424,-3647.882424,0,0,0,320343.0643
01-05-2008,323362.1211,323911.9853,345628.539,323362.1211,323362.1211,11257.09572,11257.09572,11257.09572,11257.09572,11257.09572,11257.09572,0,0,0,334619.2168
01-06-2008,322712.3346,315172.0918,336192.0339,322712.3346,322712.3346,3021.67607,3021.67607,3021.67607,3021.67607,3021.67607,3021.67607,0,0,0,325734.0107
01-07-2008,322083.509,311852.6696,333331.444,322083.509,322083.509,911.5085697,911.5085697,911.5085697,911.5085697,911.5085697,911.5085697,0,0,0,322995.0175
01-08-2008,321433.7225,318013.7282,339696.4309,321433.7225,321433.7225,7523.643942,7523.643942,7523.643942,7523.643942,7523.643942,7523.643942,0,0,0,328957.3664
01-09-2008,320783.936,299068.9938,320533.264,320783.936,320783.936,-11577.10423,-11577.10423,-11577.10423,-11577.10423,-11577.10423,-11577.10423,0,0,0,309206.8317
01-10-2008,320155.1103,304787.7268,326753.9379,320155.1103,320155.1103,-3839.55265,-3839.55265,-3839.55265,-3839.55265,-3839.55265,-3839.55265,0,0,0,316315.5577
01-11-2008,319505.3247,309372.9947,331147.4406,319505.3247,319505.3247,959.6041291,959.6041291,959.6041291,959.6041291,959.6041291,959.6041291,0,0,0,320464.9288
01-12-2008,318876.4999,356140.2713,377491.3941,318876.4999,318876.4999,47924.57757,47924.57757,47924.57757,47924.57757,47924.57757,47924.57757,0,0,0,366801.0775
01-01-2009,318226.7143,276924.24,298260.5864,318226.7143,318226.7143,-30780.41966,-30780.41966,-30780.41966,-30780.41966,-30780.41966,-30780.41966,0,0,0,287446.2946
01-02-2009,317576.9286,269326.4156,291206.8916,317576.9286,317576.9286,-37111.49723,-37111.49723,-37111.49723,-37111.49723,-37111.49723,-37111.49723,0,0,0,280465.4314
01-03-2009,316990.0255,308655.9465,330240.8735,316990.0255,316990.0255,2328.202597,2328.202597,2328.202597,2328.202597,2328.202597,2328.202597,0,0,0,319318.2281
01-04-2009,316340.2398,301161.6002,323343.6764,316340.2398,316340.2398,-4520.868005,-4520.868005,-4520.868005,-4520.868005,-4520.868005,-4520.868005,0,0,0,311819.3718
01-05-2009,315711.415,316310.7295,338037.5497,315711.415,315711.415,11619.61789,11619.61789,11619.61789,11619.61789,11619.61789,11619.61789,0,0,0,327331.0329
01-06-2009,315061.6294,306715.8869,328793.9985,315061.6294,315061.6294,2849.348784,2849.348784,2849.348784,2849.348784,2849.348784,2849.348784,0,0,0,317910.9782
01-07-2009,314432.8046,305655.8126,326611.6109,314432.8046,314432.8046,1717.090429,1717.090429,1717.090429,1717.090429,1717.090429,1717.090429,0,0,0,316149.895
01-08-2009,313783.0189,311589.6134,332856.9823,313783.0189,313783.0189,8464.23051,8464.23051,8464.23051,8464.23051,8464.23051,8464.23051,0,0,0,322247.2494
01-09-2009,313133.2333,289040.2099,311373.91,313133.2333,313133.2333,-12479.66924,-12479.66924,-12479.66924,-12479.66924,-12479.66924,-12479.66924,0,0,0,300653.5641
01-10-2009,314352.9298,299198.1208,320327.1778,314352.9298,314352.9298,-4588.031148,-4588.031148,-4588.031148,-4588.031148,-4588.031148,-4588.031148,0,0,0,309764.8987
01-11-2009,315613.2829,306177.4769,327777.2132,315613.2829,315613.2829,735.3933405,735.3933405,735.3933405,735.3933405,735.3933405,735.3933405,0,0,0,316348.6763
01-12-2009,316832.9795,353838.6269,376687.5323,316832.9795,316832.9795,48678.36745,48678.36745,48678.36745,48678.36745,48678.36745,48678.36745,0,0,0,365511.3469
01-01-2010,318093.3325,276528.6516,297668.408,318093.3325,318093.3325,-31436.65356,-31436.65356,-31436.65356,-31436.65356,-31436.65356,-31436.65356,0,0,0,286656.679
01-02-2010,319353.6856,273793.0537,295765.8989,319353.6856,319353.6856,-34877.64613,-34877.64613,-34877.64613,-34877.64613,-34877.64613,-34877.64613,0,0,0,284476.0395
01-03-2010,320492.0691,311010.9668,332356.9497,320492.0691,320492.0691,619.2613339,619.2613339,619.2613339,619.2613339,619.2613339,619.2613339,0,0,0,321111.3304
01-04-2010,321752.4222,306245.4342,327320.7995,321752.4222,321752.4222,-5371.685249,-5371.685249,-5371.685249,-5371.685249,-5371.685249,-5371.685249,0,0,0,316380.7369
01-05-2010,322972.1187,324622.1063,345660.0335,322972.1187,322972.1187,11997.35571,11997.35571,11997.35571,11997.35571,11997.35571,11997.35571,0,0,0,334969.4744
01-06-2010,324232.4718,316218.9169,336973.8635,324232.4718,324232.4718,2693.455328,2693.455328,2693.455328,2693.455328,2693.455328,2693.455328,0,0,0,326925.9271
01-07-2010,325452.1683,317410.4925,338067.803,325452.1683,325452.1683,2531.615663,2531.615663,2531.615663,2531.615663,2531.615663,2531.615663,0,0,0,327983.784
01-08-2010,326712.5214,325924.4179,347539.6125,326712.5214,326712.5214,9370.163959,9370.163959,9370.163959,9370.163959,9370.163959,9370.163959,0,0,0,336082.6854
01-09-2010,327972.8747,303536.9188,324827.3582,327972.8747,327972.8747,-13405.615,-13405.615,-13405.615,-13405.615,-13405.615,-13405.615,0,0,0,314567.2597
01-10-2010,329192.5715,312845.8596,334229.6765,329192.5715,329192.5715,-5325.441963,-5325.441963,-5325.441963,-5325.441963,-5325.441963,-5325.441963,0,0,0,323867.1295
01-11-2010,330452.9248,320444.3952,342461.8122,330452.9248,330452.9248,541.0386953,541.0386953,541.0386953,541.0386953,541.0386953,541.0386953,0,0,0,330993.9635
01-12-2010,331672.6216,370612.9353,392167.5693,331672.6216,331672.6216,49413.16961,49413.16961,49413.16961,49413.16961,49413.16961,49413.16961,0,0,0,381085.7912
01-01-2011,332932.9749,290496.5452,311959.2163,332932.9749,332932.9749,-32060.92084,-32060.92084,-32060.92084,-32060.92084,-32060.92084,-32060.92084,0,0,0,300872.054
01-02-2011,334193.3282,290755.4963,312002.7771,334193.3282,334193.3282,-32645.18796,-32645.18796,-32645.18796,-32645.18796,-32645.18796,-32645.18796,0,0,0,301548.1402
01-03-2011,335331.7118,323686.3205,345104.166,335331.7118,335331.7118,-1132.763188,-1132.763188,-1132.763188,-1132.763188,-1132.763188,-1132.763188,0,0,0,334198.9486
01-04-2011,336592.0651,319544.4152,340537.3968,336592.0651,336592.0651,-6198.983224,-6198.983224,-6198.983224,-6198.983224,-6198.983224,-6198.983224,0,0,0,330393.0819
01-05-2011,337811.7619,339901.1293,360984.5862,337811.7619,337811.7619,12390.11104,12390.11104,12390.11104,12390.11104,12390.11104,12390.11104,0,0,0,350201.8729
01-06-2011,339072.1152,331672.9878,352563.4276,339072.1152,339072.1152,2553.875771,2553.875771,2553.875771,2553.875771,2553.875771,2553.875771,0,0,0,341625.991
01-07-2011,340291.8119,333350.1421,354743.4228,340291.8119,340291.8119,3353.818349,3353.818349,3353.818349,3353.818349,3353.818349,3353.818349,0,0,0,343645.6303
01-08-2011,341552.1652,341768.5465,362668.8374,341552.1652,341552.1652,10240.50698,10240.50698,10240.50698,10240.50698,10240.50698,10240.50698,0,0,0,351792.6721
01-09-2011,342812.5184,318187.9775,339582.3662,342812.5184,342812.5184,-14353.81543,-14353.81543,-14353.81543,-14353.81543,-14353.81543,-14353.81543,0,0,0,328458.703
01-10-2011,344032.2151,327690.2682,348268.8372,344032.2151,344032.2151,-6050.677931,-6050.677931,-6050.677931,-6050.677931,-6050.677931,-6050.677931,0,0,0,337981.5372
01-11-2011,345292.5683,334399.969,355645.9206,345292.5683,345292.5683,376.5228749,376.5228749,376.5228749,376.5228749,376.5228749,376.5228749,0,0,0,345669.0912
01-12-2011,346512.265,385563.7802,407897.5796,346512.265,346512.265,50128.46508,50128.46508,50128.46508,50128.46508,50128.46508,50128.46508,0,0,0,396640.7301
01-01-2012,347772.6183,304753.9739,326109.8424,347772.6183,347772.6183,-32652.88075,-32652.88075,-32652.88075,-32652.88075,-32652.88075,-32652.88075,0,0,0,315119.7375
01-02-2012,349032.9715,308190.0614,329026.6894,349032.9715,349032.9715,-30416.53479,-30416.53479,-30416.53479,-30416.53479,-30416.53479,-30416.53479,0,0,0,318616.4367
01-03-2012,350212.0116,342864.3156,364299.6384,350212.0116,350212.0116,3992.42853,3992.42853,3992.42853,3992.42853,3992.42853,3992.42853,0,0,0,354204.4402
01-04-2012,351472.3649,337124.2926,359345.7912,351472.3649,351472.3649,-3647.882424,-3647.882424,-3647.882424,-3647.882424,-3647.882424,-3647.882424,0,0,0,347824.4825
01-05-2012,352692.0616,352707.4795,373865.6936,352692.0616,352692.0616,11257.09572,11257.09572,11257.09572,11257.09572,11257.09572,11257.09572,0,0,0,363949.1573
01-06-2012,353909.8959,346588.9055,367757.78,353909.8959,353909.8959,3021.67607,3021.67607,3021.67607,3021.67607,3021.67607,3021.67607,0,0,0,356931.5719
01-07-2012,355088.4452,345410.274,366276.9687,355088.4452,355088.4452,911.5085697,911.5085697,911.5085697,911.5085697,911.5085697,911.5085697,0,0,0,355999.9538
01-08-2012,356306.2795,353010.1858,373033.7996,356306.2795,356306.2795,7523.643942,7523.643942,7523.643942,7523.643942,7523.643942,7523.643942,0,0,0,363829.9234
01-09-2012,357524.1138,334838.569,356945.1011,357524.1138,357524.1138,-11577.10423,-11577.10423,-11577.10423,-11577.10423,-11577.10423,-11577.10423,0,0,0,345947.0096
01-10-2012,358702.6631,344066.3066,365442.8417,358702.6631,358702.6631,-3839.55265,-3839.55265,-3839.55265,-3839.55265,-3839.55265,-3839.55265,0,0,0,354863.1105
01-11-2012,359920.4974,350052.8774,370703.9666,359920.4974,359920.4974,959.6041291,959.6041291,959.6041291,959.6041291,959.6041291,959.6041291,0,0,0,360880.1016
01-12-2012,361099.0468,398012.3155,419584.3029,361099.0468,361099.0468,47924.57757,47924.57757,47924.57757,47924.57757,47924.57757,47924.57757,0,0,0,409023.6243
01-01-2013,362316.8811,320597.264,342817.5475,362316.8811,362316.8811,-30780.41966,-30780.41966,-30780.41966,-30780.41966,-30780.41966,-30780.41966,0,0,0,331536.4614
01-02-2013,363534.7154,315925.7957,337462.5899,363534.7154,363534.7154,-37111.49723,-37111.49723,-37111.49723,-37111.49723,-37111.49723,-37111.49723,0,0,0,326423.2181
01-03-2013,364634.6947,357296.3255,378004.8327,364634.6947,364634.6947,2328.202597,2328.202597,2328.202597,2328.202597,2328.202597,2328.202597,0,0,0,366962.8973
01-04-2013,365823.6168,350554.41,372234.5842,365823.6168,365823.6168,-4520.868005,-4520.868005,-4520.868005,-4520.868005,-4520.868005,-4520.868005,0,0,0,361302.7488
01-05-2013,366974.1866,367297.0963,389546.2685,366974.1866,366974.1866,11619.61789,11619.61789,11619.61789,11619.61789,11619.61789,11619.61789,0,0,0,378593.8045
01-06-2013,368163.1087,360883.8541,381565.4964,368163.1087,368163.1087,2849.348784,2849.348784,2849.348784,2849.348784,2849.348784,2849.348784,0,0,0,371012.4575
01-07-2013,369313.6784,360036.1459,381702.7571,369313.6784,369313.6784,1717.090429,1717.090429,1717.090429,1717.090429,1717.090429,1717.090429,0,0,0,371030.7689
01-08-2013,370502.6005,367705.9154,390268.1457,370502.6005,370502.6005,8464.23051,8464.23051,8464.23051,8464.23051,8464.23051,8464.23051,0,0,0,378966.831
01-09-2013,371691.5226,348647.154,370760.0211,371691.5226,371691.5226,-12479.66924,-12479.66924,-12479.66924,-12479.66924,-12479.66924,-12479.66924,0,0,0,359211.8534
01-10-2013,372842.0924,357757.7056,379568.2883,372842.0924,372842.0924,-4588.031148,-4588.031148,-4588.031148,-4588.031148,-4588.031148,-4588.031148,0,0,0,368254.0612
01-11-2013,374031.0145,363665.1003,385190.6279,374031.0145,374031.0145,735.3933405,735.3933405,735.3933405,735.3933405,735.3933405,735.3933405,0,0,0,374766.4078
01-12-2013,375181.5842,414216.8511,434053.8848,375181.5842,375181.5842,48678.36745,48678.36745,48678.36745,48678.36745,48678.36745,48678.36745,0,0,0,423859.9517
01-01-2014,376370.5063,333275.2069,354909.8218,376370.5063,376370.5063,-31436.65356,-31436.65356,-31436.65356,-31436.65356,-31436.65356,-31436.65356,0,0,0,344933.8528
01-02-2014,377559.4284,333127.0038,353826.8222,377559.4284,377559.4284,-34877.64613,-34877.64613,-34877.64613,-34877.64613,-34877.64613,-34877.64613,0,0,0,342681.7823
01-03-2014,378633.2374,368394.0834,390030.5499,378633.2374,378633.2374,619.2613339,619.2613339,619.2613339,619.2613339,619.2613339,619.2613339,0,0,0,379252.4988
01-04-2014,379822.0974,363768.9254,384973.4431,379822.0974,379822.0974,-5371.685249,-5371.685249,-5371.685249,-5371.685249,-5371.685249,-5371.685249,0,0,0,374450.4121
01-05-2014,380972.607,382532.1785,403980.1792,380972.607,380972.607,11997.35571,11997.35571,11997.35571,11997.35571,11997.35571,11997.35571,0,0,0,392969.9627
01-06-2014,382161.467,374320.092,396054.8466,382161.467,382161.467,2693.455328,2693.455328,2693.455328,2693.455328,2693.455328,2693.455328,0,0,0,384854.9223
01-07-2014,383311.9766,374981.6333,396604.9271,383311.9766,383311.9766,2531.615663,2531.615663,2531.615663,2531.615663,2531.615663,2531.615663,0,0,0,385843.5923
01-08-2014,384500.8366,383267.0323,404481.9189,384500.8366,384500.8366,9370.163959,9370.163959,9370.163959,9370.163959,9370.163959,9370.163959,0,0,0,393871.0005
01-09-2014,385689.6965,361755.8627,381410.1992,385689.6965,385689.6965,-13405.615,-13405.615,-13405.615,-13405.615,-13405.615,-13405.615,0,0,0,372284.0815
01-10-2014,386840.2062,370696.9418,392239.0947,386840.2062,386840.2062,-5325.441963,-5325.441963,-5325.441963,-5325.441963,-5325.441963,-5325.441963,0,0,0,381514.7642
01-11-2014,388029.0661,377376.9174,399209.0404,388029.0661,388029.0661,541.0386953,541.0386953,541.0386953,541.0386953,541.0386953,541.0386953,0,0,0,388570.1048
01-12-2014,389179.5758,427756.3255,449137.4667,389179.5758,389179.5758,49413.16961,49413.16961,49413.16961,49413.16961,49413.16961,49413.16961,0,0,0,438592.7454
01-01-2015,390368.4357,347806.6507,368928.4498,390368.4357,390368.4357,-32060.92084,-32060.92084,-32060.92084,-32060.92084,-32060.92084,-32060.92084,0,0,0,358307.5149
01-02-2015,391557.2957,347619.8964,369826.3668,391557.2957,391557.2957,-32645.18796,-32645.18796,-32645.18796,-32645.18796,-32645.18796,-32645.18796,0,0,0,358912.1077
01-03-2015,392631.1047,380718.7599,401476.7086,392631.1047,392631.1047,-1132.763188,-1132.763188,-1132.763188,-1132.763188,-1132.763188,-1132.763188,0,0,0,391498.3415
01-04-2015,393819.9647,377103.1098,398555.4161,393819.9647,393819.9647,-6198.983224,-6198.983224,-6198.983224,-6198.983224,-6198.983224,-6198.983224,0,0,0,387620.9814
01-05-2015,394970.4743,397079.0429,418215.9927,394970.4743,394970.4743,12390.11104,12390.11104,12390.11104,12390.11104,12390.11104,12390.11104,0,0,0,407360.5853
01-06-2015,396159.3343,387748.9149,408242.1233,396159.3343,396159.3343,2553.875771,2553.875771,2553.875771,2553.875771,2553.875771,2553.875771,0,0,0,398713.21
01-07-2015,397309.8439,390370.6486,412038.6307,397309.8439,397309.8439,3353.818349,3353.818349,3353.818349,3353.818349,3353.818349,3353.818349,0,0,0,400663.6623
01-08-2015,398498.7039,397820.9962,419581.8605,398498.7039,398498.7039,10240.50698,10240.50698,10240.50698,10240.50698,10240.50698,10240.50698,0,0,0,408739.2109
01-09-2015,399687.5638,374434.3603,396414.9994,399687.5638,399687.5638,-14353.81543,-14353.81543,-14353.81543,-14353.81543,-14353.81543,-14353.81543,0,0,0,385333.7484
01-10-2015,400838.0735,384956.2275,406297.0125,400838.0735,400838.0735,-6050.677931,-6050.677931,-6050.677931,-6050.677931,-6050.677931,-6050.677931,0,0,0,394787.3955
01-11-2015,402026.9334,391660.2171,413420.3798,402026.9334,402026.9334,376.5228749,376.5228749,376.5228749,376.5228749,376.5228749,376.5228749,0,0,0,402403.4563
01-12-2015,403177.4431,442270.4589,464749.9075,403177.4431,403177.4431,50128.46508,50128.46508,50128.46508,50128.46508,50128.46508,50128.46508,0,0,0,453305.9081
01-01-2016,404366.303,360729.7067,382570.9409,404366.303,404366.303,-32652.88075,-32652.88075,-32652.88075,-32652.88075,-32652.88075,-32652.88075,0,0,0,371713.4223
01-02-2016,405555.163,364169.2765,386007.1408,405555.163,405555.163,-30416.53479,-30416.53479,-30416.53479,-30416.53479,-30416.53479,-30416.53479,0,0,0,375138.6282
01-03-2016,406667.3223,400055.3881,421559.8304,406667.3223,406667.3223,3992.42853,3992.42853,3992.42853,3992.42853,3992.42853,3992.42853,0,0,0,410659.7508
01-04-2016,407856.1823,393725.5919,414866.01,407856.1823,407856.1823,-3647.882424,-3647.882424,-3647.882424,-3647.882424,-3647.882424,-3647.882424,0,0,0,404208.2998
01-05-2016,409006.6919,410046.8837,431305.3745,409006.6919,409006.6919,11257.09572,11257.09572,11257.09572,11257.09572,11257.09572,11257.09572,0,0,0,420263.7876
01-06-2016,410195.5519,402580.3577,424078.5267,410195.5519,410195.5519,3021.67607,3021.67607,3021.67607,3021.67607,3021.67607,3021.67607,0,0,0,413217.2279
01-07-2016,411346.0615,402072.7973,423632.0684,411346.0615,411346.0615,911.5085697,911.5085697,911.5085697,911.5085697,911.5085697,911.5085697,0,0,0,412257.5701
01-08-2016,412534.9215,408715.938,430997.1313,412534.9215,412534.9215,7523.643943,7523.643943,7523.643943,7523.643943,7523.643943,7523.643943,0,0,0,420058.5654
01-09-2016,413723.7814,390910.4647,412797.5477,413723.7814,413723.7814,-11577.10423,-11577.10423,-11577.10423,-11577.10423,-11577.10423,-11577.10423,0,0,0,402146.6772
01-10-2016,414874.2911,400727.6185,422473.1302,414874.2911,414874.2911,-3839.55265,-3839.55265,-3839.55265,-3839.55265,-3839.55265,-3839.55265,0,0,0,411034.7384
01-11-2016,416063.151,406747.2591,428796.9377,416063.151,416063.151,959.6041291,959.6041291,959.6041291,959.6041291,959.6041291,959.6041291,0,0,0,417022.7552
01-12-2016,417213.6607,454516.944,476048.2999,417213.6607,417213.6607,47924.57757,47924.57757,47924.57757,47924.57757,47924.57757,47924.57757,0,0,0,465138.2382
01-01-2017,418402.5206,377262.7472,398103.2813,418402.5206,418402.5206,-30780.41966,-30780.41966,-30780.41966,-30780.41966,-30780.41966,-30780.41966,0,0,0,387622.101
01-02-2017,419591.3806,371897.8058,392566.7419,419591.3806,419591.3806,-37111.49723,-37111.49723,-37111.49723,-37111.49723,-37111.49723,-37111.49723,0,0,0,382479.8834
01-03-2017,420665.1896,412196.6189,434069.7473,420665.1896,420665.1896,2328.202597,2328.202597,2328.202597,2328.202597,2328.202597,2328.202597,0,0,0,422993.3922
01-04-2017,421854.0495,406841.8995,428680.7005,421854.0495,421854.0495,-4520.868005,-4520.868005,-4520.868005,-4520.868005,-4520.868005,-4520.868005,0,0,0,417333.1815
01-05-2017,423004.5592,423979.6777,445571.4774,423004.5592,423004.5592,11619.61789,11619.61789,11619.61789,11619.61789,11619.61789,11619.61789,0,0,0,434624.1771
01-06-2017,424193.4191,416035.3269,438196.0814,424193.4191,424193.4191,2849.348784,2849.348784,2849.348784,2849.348784,2849.348784,2849.348784,0,0,0,427042.7679
01-07-2017,425343.9288,415749.7974,437946.9007,425343.9288,425343.9288,1717.090429,1717.090429,1717.090429,1717.090429,1717.090429,1717.090429,0,0,0,427061.0192
01-08-2017,426532.7887,424176.7419,445549.4,426532.7887,426532.7887,8464.23051,8464.23051,8464.23051,8464.23051,8464.23051,8464.23051,0,0,0,434997.0193
01-09-2017,427721.6487,404220.0147,426321.0276,427721.6487,427721.6487,-12479.66924,-12479.66924,-12479.66924,-12479.66924,-12479.66924,-12479.66924,0,0,0,415241.9795
01-10-2017,428872.1583,413409.8812,435073.5212,428872.1583,428872.1583,-4588.031148,-4588.031148,-4588.031148,-4588.031148,-4588.031148,-4588.031148,0,0,0,424284.1272
01-11-2017,430061.0183,420181.3908,441423.3256,430061.0183,430061.0183,735.3933405,735.3933405,735.3933405,735.3933405,735.3933405,735.3933405,0,0,0,430796.4116
01-12-2017,431211.5279,470168.1233,491151.0627,431211.5279,431211.5279,48678.36745,48678.36745,48678.36745,48678.36745,48678.36745,48678.36745,0,0,0,479889.8954
01-01-2018,432400.3879,389892.7653,411492.7869,432400.3879,432400.3879,-31436.65356,-31436.65356,-31436.65356,-31436.65356,-31436.65356,-31436.65356,0,0,0,400963.7343
01-02-2018,433589.2479,389356.8469,409015.1261,433589.2479,433589.2479,-34877.64613,-34877.64613,-34877.64613,-34877.64613,-34877.64613,-34877.64613,0,0,0,398711.6017
01-03-2018,434663.0569,424724.7659,446038.4666,434663.0569,434663.0569,619.2613338,619.2613338,619.2613338,619.2613338,619.2613338,619.2613338,0,0,0,435282.3182
01-04-2018,435851.9168,419467.3856,441430.1593,435851.9168,435851.9168,-5371.685249,-5371.685249,-5371.685249,-5371.685249,-5371.685249,-5371.685249,0,0,0,430480.2316
01-05-2018,437002.4265,438239.7378,460384.1366,437002.4265,437002.4265,11997.35571,11997.35571,11997.35571,11997.35571,11997.35571,11997.35571,0,0,0,448999.7822
01-06-2018,438191.2864,429088.5849,450698.1395,438191.2864,438191.2864,2693.455328,2693.455328,2693.455328,2693.455328,2693.455328,2693.455328,0,0,0,440884.7418
01-07-2018,439341.7961,431736.3644,452332.5758,439341.7961,439341.7961,2531.615663,2531.615663,2531.615663,2531.615663,2531.615663,2531.615663,0,0,0,441873.4117
01-08-2018,440530.656,439484.0462,460768.5938,440530.656,440530.656,9370.163959,9370.163959,9370.163959,9370.163959,9370.163959,9370.163959,0,0,0,449900.82
01-09-2018,441719.516,417697.3109,438740.7902,441719.516,441719.516,-13405.615,-13405.615,-13405.615,-13405.615,-13405.615,-13405.615,0,0,0,428313.901
01-10-2018,442870.0256,426413.5472,448100.7316,442870.0256,442870.0256,-5325.441963,-5325.441963,-5325.441963,-5325.441963,-5325.441963,-5325.441963,0,0,0,437544.5837
01-11-2018,444058.8856,434701.7695,455357.7632,444058.8856,444058.8856,541.0386953,541.0386953,541.0386953,541.0386953,541.0386953,541.0386953,0,0,0,444599.9243
01-12-2018,445209.3952,483531.696,505166.0736,445209.3952,445209.3952,49413.16961,49413.16961,49413.16961,49413.16961,49413.16961,49413.16961,0,0,0,494622.5648
01-01-2019,446398.2552,403013.7463,424405.7324,446398.2552,446398.2552,-32060.92084,-32060.92084,-32060.92084,-32060.92084,-32060.92084,-32060.92084,0,0,0,414337.3343
01-02-2019,447587.1151,404621.9053,426241.2341,447587.1151,447587.1151,-32645.18796,-32645.18796,-32645.18796,-32645.18796,-32645.18796,-32645.18796,0,0,0,414941.9272
01-03-2019,448660.9241,437352.2062,457906.9412,448660.9241,448660.9241,-1132.763188,-1132.763188,-1132.763188,-1132.763188,-1132.763188,-1132.763188,0,0,0,447528.161
01-04-2019,449849.7841,432971.8405,454104.7786,449849.7841,449849.7841,-6198.983224,-6198.983224,-6198.983224,-6198.983224,-6198.983224,-6198.983224,0,0,0,443650.8009
01-05-2019,451000.2937,452657.5204,474525.4764,451000.2937,451000.2937,12390.11104,12390.11104,12390.11104,12390.11104,12390.11104,12390.11104,0,0,0,463390.4048
01-06-2019,452189.1537,443711.6583,465157.6804,452189.1537,452189.1537,2553.875771,2553.875771,2553.875771,2553.875771,2553.875771,2553.875771,0,0,0,454743.0295
01-07-2019,453339.6633,445017.5122,468179.5066,453339.6633,453339.6633,3353.818349,3353.818349,3353.818349,3353.818349,3353.818349,3353.818349,0,0,0,456693.4817
01-08-2019,454528.5233,454588.3441,475690.0626,454528.5233,454528.5233,10240.50698,10240.50698,10240.50698,10240.50698,10240.50698,10240.50698,0,0,0,464769.0303
01-09-2019,455717.3833,429952.8474,451729.4354,455717.3833,455717.3833,-14353.81543,-14353.81543,-14353.81543,-14353.81543,-14353.81543,-14353.81543,0,0,0,441363.5678
02-09-2019,455755.7336,434547.4353,456079.0861,455755.7336,455755.7336,-10698.99822,-10698.99822,-10698.99822,-10698.99822,-10698.99822,-10698.99822,0,0,0,445056.7354
03-09-2019,455794.0839,437203.8052,458783.3834,455794.0839,455794.0839,-7450.96988,-7450.96988,-7450.96988,-7450.96988,-7450.96988,-7450.96988,0,0,0,448343.114
04-09-2019,455832.4342,440814.7459,462185.8474,455832.4342,455832.4342,-4667.114864,-4667.114864,-4667.114864,-4667.114864,-4667.114864,-4667.114864,0,0,0,451165.3194
05-09-2019,455870.7845,442773.8919,464432.1766,455870.7845,455870.7845,-2390.550597,-2390.550597,-2390.550597,-2390.550597,-2390.550597,-2390.550597,0,0,0,453480.234
06-09-2019,455909.1349,444723.4051,466262.0997,455909.1349,455909.1349,-649.2342395,-649.2342395,-649.2342395,-649.2342395,-649.2342395,-649.2342395,0,0,0,455259.9006
07-09-2019,455947.4852,445506.0179,466591.1194,455947.4852,455947.4852,544.5075729,544.5075729,544.5075729,544.5075729,544.5075729,544.5075729,0,0,0,456491.9928
08-09-2019,455985.8355,446554.1213,468021.5308,455985.8355,455985.8355,1194.017164,1194.017164,1194.017164,1194.017164,1194.017164,1194.017164,0,0,0,457179.8527
09-09-2019,456024.1858,446731.6281,468003.7347,456024.1858,456024.1858,1317.915621,1317.915621,1317.915621,1317.915621,1317.915621,1317.915621,0,0,0,457342.1015
10-09-2019,456062.5362,445885.751,468975.4857,456062.5362,456062.5362,949.2990012,949.2990012,949.2990012,949.2990012,949.2990012,949.2990012,0,0,0,457011.8352
11-09-2019,456100.8865,445168.476,467345.9429,456100.8865,456100.8865,134.5473048,134.5473048,134.5473048,134.5473048,134.5473048,134.5473048,0,0,0,456235.4338
12-09-2019,456139.2368,444208.5646,465809.0314,456139.2368,456139.2368,-1068.216887,-1068.216887,-1068.216887,-1068.216887,-1068.216887,-1068.216887,0,0,0,455071.0199
13-09-2019,456177.5871,443725.0648,463290.4443,456177.5871,456177.5871,-2590.973813,-2590.973813,-2590.973813,-2590.973813,-2590.973813,-2590.973813,0,0,0,453586.6133
14-09-2019,456215.9374,441002.9849,462068.635,456215.9374,456215.9374,-4357.901609,-4357.901609,-4357.901609,-4357.901609,-4357.901609,-4357.901609,0,0,0,451858.0358
15-09-2019,456254.2878,439826.9789,460275.3743,456254.2878,456254.2878,-6287.660224,-6287.660224,-6287.660224,-6287.660224,-6287.660224,-6287.660224,0,0,0,449966.6275
16-09-2019,456292.6381,437367.8999,457803.8138,456292.6381,456292.6381,-8295.798642,-8295.798642,-8295.798642,-8295.798642,-8295.798642,-8295.798642,0,0,0,447996.8394
17-09-2019,456330.9884,435397.5544,456959.8075,456330.9884,456330.9884,-10297.217,-10297.217,-10297.217,-10297.217,-10297.217,-10297.217,0,0,0,446033.7714
18-09-2019,456369.3387,432612.9406,454745.6947,456369.3387,456369.3387,-12208.61431,-12208.61431,-12208.61431,-12208.61431,-12208.61431,-12208.61431,0,0,0,444160.7244
19-09-2019,456407.689,431126.8024,453258.4084,456407.689,456407.689,-13950.85355,-13950.85355,-13950.85355,-13950.85355,-13950.85355,-13950.85355,0,0,0,442456.8355
20-09-2019,456446.0394,430400.2341,452343.3816,456446.0394,456446.0394,-15451.17879,-15451.17879,-15451.17879,-15451.17879,-15451.17879,-15451.17879,0,0,0,440994.8606
21-09-2019,456484.3897,429331.3817,450932.9024,456484.3897,456484.3897,-16645.22384,-16645.22384,-16645.22384,-16645.22384,-16645.22384,-16645.22384,0,0,0,439839.1658
22-09-2019,456522.74,427577.0047,449818.4906,456522.74,456522.74,-17478.75836,-17478.75836,-17478.75836,-17478.75836,-17478.75836,-17478.75836,0,0,0,439043.9817
23-09-2019,456561.0903,427870.9929,449351.8352,456561.0903,456561.0903,-17909.12506,-17909.12506,-17909.12506,-17909.12506,-17909.12506,-17909.12506,0,0,0,438651.9653
24-09-2019,456599.4407,428616.2229,449488.0677,456599.4407,456599.4407,-17906.33116,-17906.33116,-17906.33116,-17906.33116,-17906.33116,-17906.33116,0,0,0,438693.1095
25-09-2019,456637.791,427898.3537,450733.4683,456637.791,456637.791,-17453.76677,-17453.76677,-17453.76677,-17453.76677,-17453.76677,-17453.76677,0,0,0,439184.0242
26-09-2019,456676.1413,429403.279,450231.4887,456676.1413,456676.1413,-16548.53426,-16548.53426,-16548.53426,-16548.53426,-16548.53426,-16548.53426,0,0,0,440127.607
27-09-2019,456714.4916,431013.202,452756.7646,456714.4916,456714.4916,-15201.38318,-15201.38318,-15201.38318,-15201.38318,-15201.38318,-15201.38318,0,0,0,441513.1084
28-09-2019,456752.8419,432322.7515,453943.6576,456752.8419,456752.8419,-13436.25698,-13436.25698,-13436.25698,-13436.25698,-13436.25698,-13436.25698,0,0,0,443316.585
29-09-2019,456791.1923,434575.3898,456650.0565,456791.1923,456791.1923,-11289.46826,-11289.46826,-11289.46826,-11289.46826,-11289.46826,-11289.46826,0,0,0,445501.724
30-09-2019,456829.5426,436842.7853,459290.0436,456829.5426,456829.5426,-8808.529794,-8808.529794,-8808.529794,-8808.529794,-8808.529794,-8808.529794,0,0,0,448021.0128
01-10-2019,456867.8929,440761.8953,461771.2617,456867.8929,456867.8929,-6050.677931,-6050.677931,-6050.677931,-6050.677931,-6050.677931,-6050.677931,0,0,0,450817.215
